food,yeah but what kind of food,yeah but what kind of food
animal,a herd may be a few animal or a few hundred,a herd may be a few animals or a few hundred
animal,a herd may be a few animal or a few hundred,a herd may be a few animals or a few hundred
animal,a herd may be a few animal or a few hundred,a herd may be a few animals or a few hundred
animal,a herd may be a few animal or a few hundred,a herd may be a few animals or a few hundred
animal,a herd may be a few animal or a few hundred,a herd may be a few animals or a few hundred
animal,a herd may be a few animal or a few hundred,a herd may be a few animals or a few hundred
animal,their herd may be a few animal or a few hundred,their herd may be a few animals or a few hundred
animal,elephant live and travel in group call herd a herd may be a few animal or a few hundred animal,elephants live and travel in groups called herds a herd may be a few animals or a few hundred animals
animal,a herd may be a few animal or a few hundred,a herd may be a few animals or a few hundred
animal,a herd may be a few animal or a few hundred,a herd may be a few animals or a few hundred
animal,elephant a herd may be a few animal or a few hundred,elephants hm a herd may be a few animals or a few hundred
animal,a herd may be a few animal or a few hundred,a herd may be a few animals or a few hundred
animal,a herd may be a few animal,a herd may be a few animals
animal,a herd may be a few animal or a few hundred,a herd may be a few animals or a few hundred
animal,a herd may be a few animal or a few hundred,a herd may be a few animals or a few hundred
animal,a herd may be a few animal or a few hundred,a herd may be a few animals or a few hundred
animal,a herd may be a few animal or a few hundred,a herd may be a few animals or a few hundred
animal,a herd may be a few animal or a few hundred,a herd may be a few animals or a few hundred
animal,a herd may be a few animal or a few hundred,a herd may be a few animals or a few hundred
animal,a herd may be a few animal or a few hundred,a herd may be a few animals or a few hundred
animal,a herd may be a few animal or a few hundred,a herd may be a few animals or a few hundred
animal,a herd may be a few animal or a few hundred,a herd may be a few animals or a few hundred
animal,a herd may be a few animal or a few hundred,a herd may be a few animals or a few hundred
animal,a herd may be a few animal or a few hundred,a herd may be a few animals or a few hundred
animal,a herd may be a few animal or a few hundred,a herd may be a few animals or a few hundred
animal,a herd may be a few animal or a few hundred,a herd may be a few animals or a few hundred
animal,a herd may be a few animal or a few hundred,a herd may be a few animals or a few hundred
animal,a herd may be a few animal or a few hundred,a herd may be a few animals or a few hundred
toy,pretty soon we go to be able to play with the bag of toy okay I just want to tell you a story about something scare that happen to me,pretty soon we're going to be able to play with the bag of toys okay we I just want to tell you a story about something scary that happened to me
food,you need a lot of different kind of food to make you grow strong Sis,you need a lot of different kinds of foods to make you grow strong Sis
food,and then the teach get a bag of all these different kind of food,and then my the teacher got a bag of um all these different kinds of foods
animal,whatever the kind of animal,whatever the kind of animal
toy,the soon you do it the soon we be able to play with that new set of toy,the sooner you do it the sooner we'll be able to play with that new set of toys
animal,so what kind of animal be that huh,so what kind of uh animal is that huh
animal,what other kind of animal do you think live with him,what other kind of animals do you think live with him
animal,so what kind of animal be that huh,so what kind of uh animal is that huh
toy,they do bring those kind of toy,they don't bring those kind of toys
food,well what kind of food do dinosaur eat,well what kind of foods did dinosaurs eat
animal,and these be all the wild animal alright,and um these are all the wild animals alright
toy,yeah what kind of toy,yeah what kind of toys
animal,what happen to those kind of animal,what happened to those kind of animals
toy,but the interest thing be that Ross realize that there be two wave of these thing that be found why I just bare realize realize myself and he even hypothesize that there be a third wave and that these unknown toy that this boy Barry be talk about must be part of a third wave of these toy,but the interesting thing is that Ross realizes that there are two waves of these things that are found why I just barely realized realized myself and he even hypothesizes that there was a third wave and that these unknown toys that this boy Barry was talking about must be part of a third wave of these toys
animal,what what kind of animal bark,what what kind of animals barks
animal,okay here be this big dog and he be ask the man who take the animal in the zoo,okay here is this big dog and he is asking the man who takes the animal in the zoo
toy,do think there be a toy in it I hope you will be disappoint,don't think there is a toy in it I hope you won't be disappointed
animal,I think some place be another hide animal,I think some place is another hidden animal
animal,okay what kind of animal smell,okay what kind of animal smells
animal,once upon a time there be a big farm with all kind of animal on it even a silly brown dog,once upon a time there was a big farm with all kinds of animals on it even a silly brown dog
animal,Dawn once upon a time there be a big farm with all kind of animal on it,Dawn once upon a time there was a big farm with all kinds of animals on it
animal,one day there be a big farm with all kind of animal on it,one day there was a big farm with all kinds of animals on it
animal,once upon a time there be a big farm with all kind of animal on it,once upon a time there was a big farm with all kind of animals on it
animal,hey Dav there be all kind of animal on the farm and you know what happen,hey Dav there were all kind of animals on the farm and you know what happened
animal,with all kind of animal,with all kind of animals
animal,once there be a big farm with all kind of animal on it,once there was a big farm with all kinds of animals on it
food,mash potato what other kind of food do he like,mashed potatoes what other kind of food does he like
animal,once upon a time there be a farm with kind of animal even a brown and white cow,once upon a time there was a farm with kind of animals even a brown and white cow
animal,once upon a time there be a big farm with all kind of animal,once upon a time there was a big farm with all kind of animals
toy,there once be a boy with a little toy drum ratta tatta tatta tat rumma tum,there once was a boy with a little toy drum ratta tatta tatta tat rumma tum
animal,I mean what kind of animal hop,I mean what kind of animal hops
toy,what be your favorite kind of toy to look at at Toys_R_Us,what are your favorite kinds of toys to look at at Toys_R_Us
toy,well what kind of toy,well what kind of toys
animal,well what kind of animal can you pet,well what kind of animals can you pet
toy,well what other kind of toy do you have,well what other kind of toys do you have
toy,what other kind of toy do you have,what other kind of toys do you have
toy,what other kind of toy do he have,what other kinds of toys does he have
vehicle,oh what kind of vehicle,oh what kind of vehicle
toy,oh what kind of toy do you have at your house,oh what kind of toys do you have at your house
toy,so what other kind of toy do you have in your,so what other kind of toys do you have in your toy+room
animal,now what kind of animal do you see at the zoo,now what kind of animals did you see at the zoo
animal,because those kind of animal live in salt water right,because those kinds of animals live in salt water right
