clothes,see there some more of them these be all my clothes,see there's some more of them these are all my clothes
clothes,yeah big boy wear those kind of clothes these be long pant and jacket like daddy daddy wear them too,yeah big boys wear those kind of clothes these are long pants and jackets like daddy's daddies wear them too
food,farm alfalfa grow all kind of food,farmer alfalfa grows all kinds of food
clothes,and what kind of clothes be these,and what kind of clothes are these
food,know what kind of food that be,know what kind of food that is
toy,I do think there be any more toy right now,I don't think there are any more toys right now
clothes,all different kind of clothes,all different kinds of clothes
clothes,and these be all the clothes that he wear,and these are all the clothes that he wears
toy,no this be a toy,no this is a toy
toy,Daddy desk be a toy be it,Daddy's desk isn't a toy is it
toy,well yes a ball be a toy,well yes a ball is a toy
animal,oh well what kind of animal be it,oh well what kind of animal is it
toy,I do think there be any baby toy,I don't think there are any baby toys
animal,then you can have I do care what kind of animal,then you can have I don't care what kind of animals
toy,yes Nana have all kind of toy for you yes,mhm Nana has all kinds of toys for you yes
food,ah what kind of food,ah what kind of food
toy,oh what kind of toy be it,oh what kind of toy was it
food,oh be that the kind of food we need,oh is that the kind of food we need
clothes,will you be able to find clothes to wear,would you be able to find clothes to wear
animal,oh it be a wild animal,oh it is a wild animal
toy,it be gonna be a toy Seth,it is gonna be a toy Seth
animal,tell the microphone what kind of animal McDonald have,tell the microphone what kind of animals McDonald had
animal,what other kind of animal do you see at the zoo,what other kind of animals did you see at the zoo
toy,well what kind of toy do you wanna make,well what kind of toy do you wanna make
animal,but what kind of animal be it,but what kind of animal is it
food,do you think it be all that food that make him get so big,do you think it was all that food that made him get so big
food,I know this be all food,I know this is all food
food,he what kind of food,he ate uh what kind of food
animal,well he do have_to have anybody take care of him because he be a animal and we be go that long,well he didn't have_to have anybody taking care of him because he was an animal and we weren't gone that long
animal,yeah he be a animal,yeah he is an animal
food,like it a kind of food or something,like it's a kind of food or something
food,what his favorite kind of food,what's his favorite kind of food
food,he tell me that be one of his favorite kind of food,he told me that was one of his favorite kinds of food
food,orange food be almost as good as green food to eat,orange food is almost as good as green food to eat
toy,if you want to be a toy you have_to go in your,if you want to be a toy you have_to go in your toybox
animal,now a shark be a big animal a big fish I should say and that a shark will eat other fish,now a shark is a bigger animal a bigger fish I should say and that eats a shark will eat other fish
toy,do want to see what kind of toy she have,do want ta see what kind of toys she has
toy,want to see what kind of toy she have,want ta see what kind of toys she has
animal,yeah what be all those animal do you know,yeah what is it what are all those animals do you know
toy,when Marcella poke around in the trunk her hand touch something soft she smile when she see what it be a stuff toy,when Marcella poked around in the trunk her hand touched something soft she smiled when she saw what it was a stuffed toy
food,yeah but what kind of food,yeah but what kind of food
animal,a herd may be a few animal or a few hundred,a herd may be a few animals or a few hundred
animal,a herd may be a few animal or a few hundred,a herd may be a few animals or a few hundred
animal,a herd may be a few animal or a few hundred,a herd may be a few animals or a few hundred
animal,a herd may be a few animal or a few hundred,a herd may be a few animals or a few hundred
animal,a herd may be a few animal or a few hundred,a herd may be a few animals or a few hundred
animal,a herd may be a few animal or a few hundred,a herd may be a few animals or a few hundred
animal,their herd may be a few animal or a few hundred,their herd may be a few animals or a few hundred
animal,elephant live and travel in group call herd a herd may be a few animal or a few hundred animal,elephants live and travel in groups called herds a herd may be a few animals or a few hundred animals
animal,a herd may be a few animal or a few hundred,a herd may be a few animals or a few hundred
animal,a herd may be a few animal or a few hundred,a herd may be a few animals or a few hundred
animal,elephant a herd may be a few animal or a few hundred,elephants hm a herd may be a few animals or a few hundred
animal,a herd may be a few animal or a few hundred,a herd may be a few animals or a few hundred
animal,a herd may be a few animal,a herd may be a few animals
animal,a herd may be a few animal or a few hundred,a herd may be a few animals or a few hundred
animal,a herd may be a few animal or a few hundred,a herd may be a few animals or a few hundred
animal,a herd may be a few animal or a few hundred,a herd may be a few animals or a few hundred
animal,a herd may be a few animal or a few hundred,a herd may be a few animals or a few hundred
animal,a herd may be a few animal or a few hundred,a herd may be a few animals or a few hundred
animal,a herd may be a few animal or a few hundred,a herd may be a few animals or a few hundred
animal,a herd may be a few animal or a few hundred,a herd may be a few animals or a few hundred
animal,a herd may be a few animal or a few hundred,a herd may be a few animals or a few hundred
animal,a herd may be a few animal or a few hundred,a herd may be a few animals or a few hundred
animal,a herd may be a few animal or a few hundred,a herd may be a few animals or a few hundred
animal,a herd may be a few animal or a few hundred,a herd may be a few animals or a few hundred
animal,a herd may be a few animal or a few hundred,a herd may be a few animals or a few hundred
animal,a herd may be a few animal or a few hundred,a herd may be a few animals or a few hundred
animal,a herd may be a few animal or a few hundred,a herd may be a few animals or a few hundred
animal,a herd may be a few animal or a few hundred,a herd may be a few animals or a few hundred
toy,pretty soon we go to be able to play with the bag of toy okay I just want to tell you a story about something scare that happen to me,pretty soon we're going to be able to play with the bag of toys okay we I just want to tell you a story about something scary that happened to me
toy,well I think this be a great toy,well I think this is a great toy
food,you need a lot of different kind of food to make you grow strong Sis,you need a lot of different kinds of foods to make you grow strong Sis
food,and then the teach get a bag of all these different kind of food,and then my the teacher got a bag of um all these different kinds of foods
animal,whatever the kind of animal,whatever the kind of animal
toy,the soon you do it the soon we be able to play with that new set of toy,the sooner you do it the sooner we'll be able to play with that new set of toys
animal,so what kind of animal be that huh,so what kind of uh animal is that huh
animal,what other kind of animal do you think live with him,what other kind of animals do you think live with him
animal,so what kind of animal be that huh,so what kind of uh animal is that huh
toy,they do bring those kind of toy,they don't bring those kind of toys
food,well what kind of food do dinosaur eat,well what kind of foods did dinosaurs eat
animal,and these be all the wild animal alright,and um these are all the wild animals alright
toy,yeah what kind of toy,yeah what kind of toys
animal,what happen to those kind of animal,what happened to those kind of animals
toy,oh I I then we not go be able to go to the toy store if you not nice,oh I I then we're not gonna be able to go to the toy store if you're not nice
animal,and here be all your animal,and here are all your animals
toy,in her car be all kind of toy elephant,in her cars were all kinds of toy elephant
toy,that look like some kind of toy,that looks like some kinda toy
animal,that will be a fun animal,xxx that would be a funny animal
animal,that will be a fun animal,that would be a funny animal
toy,and then Phoebe my niece decide when when Lily be born that she be too old for her flop since Lily left it it be a baby toy so she give her her flop,and then Phoebe my niece decided when when Lily was born that she was too old for her floppy since Lily left it it was a baby toy so she gave her her floppy
animal,what other kind of animal have a real long neck,what other kind of animal has a really long neck
animal,animal what kind of animal,animals what kinda animals
animal,oh baby elephant be a animal you right,oh baby elephant is an animal you're right
animal,animal what kind of animal do you see,xxx animals what kind of animals did you see
animal,what do you what kind of animal could you pet,what did you what kind of animal could you pet
food,ooh what kind of food do you see,ooh what kinda food do you see
food,and there be a neat little compute thing where you can scan all your food that might be,and there's a neat little computer thing xxx where you can scan all your food that might be xxx
animal,what Penny what kind of animal,what's Penny what kind of animal
animal,you know what kind of animal that be,you know what kind of animal that is
animal,that be a good question what kind of animal do they think do you think they be,that's a good question what kind of animals do they think do you think they are
animal,you think hm I do know what kind of animal they be,you think hm I don't know what kind of animals they are
animal,do you know what kind of animal he be,do you know what kind of animal he is
toy,you be not go be able to play with any of your toy if you do play nice,you are not gonna be able to play with any of your toys if you don't play nicely
animal,who what kind of animal swim in your,who what kind of animals swim in your classroom
food,that will be a great cookbook a cookbook about food,that would be a great cookbook a cookbook about food
toy,I try to bribe her I like that will be a great toy to have if you sit on the pot,I'm trying to bribe her I'm like that'd be a great toy to have if you sat on the potty
animal,well these be all his stuff animal he be pretend that they be real I think,well these are all his stuffed animals he was pretending that they were real I think
food,it it be a food book what do we call the food book,it it is a food book what dwe call the food book
food,and this be a bite of food,and this is a bite of food
food,I love it it my favorite kind of food,I love it it's my favorite kind of food
food,oh I read about a certain kind of food that you love,oh I read about a certain kind of food that you love
clothes,and her husband be at work no clothes,and her husband's at work no clothes
food,oh do you look at this Honey this be all sort of yum little food from Bread and Circus,oh did you look at this Honey this is all sorts of yummy little food from Bread and Circus
animal,mm what other kind of animal,mm what other kinds of animals
animal,I touch something else another kind of animal,I touched something else another kind of animal
animal,oh what kind of animal be that,oh what kind of animal is that
animal,and then Mommy say you should ask the woman what kind of animal it be because I do know,and then Mommy said you should ask the woman what kind of animal it is because I didn't know
animal,this be your tail if you be a animal your tail will be right here,this is your tail if you were an animal your tail would be right here
animal,do you remember what kind of animal have,do you remember what kinds of animals have um
animal,no what kind of animal hop we talk about this,no what kind of animals hop we talked about this
animal,what other kind of animal hop,what other kinds of animals hop
food,you mean at the store I forget to look at when we be at cape cod natural food,you mean at the store I forgot to look at when we were at cape cod natural foods
animal,but we do buy this kind of animal cracker,but we did buy this kind of animal crackers
food,I have to talk about what kind of food we go to order,I had to talk about what kind of food we're going to order
food,food some kind of food be on your nose,food some kinda food is on your nose
food,and I will want live in a nest where there be any food near by,and I wouldn't wanna live in a nest where there wasn't any food near by
animal,oh what kind of animal be on the cover,oh what kind of animals are on the cover
animal,what other kind of animal have be mammal,what other kinds of animals have are mammals
food,to eat chili be a food we eat it spice bean,to eat chili is a food we eat it's spicy beans
toy,oh what kind of toy do Christopher Robin have,oh what kind of toys does Christopher Robin have
toy,will you tell him about the different kind of toy you saw there and maybe the the ladder and stuff like that,will you tell him about the different kinds of toys you saw there and maybe the the ladder and stuff like that
toy,I go see if there be any more lego in the toy bag because some might have go,I'm gonna see if there are any more legos in the toy bag 'cause some might have gone
animal,but a bird or let us see some other kind of animal with strong tooth could probable do it,but a bird or let's see some other kind of animal with strong teeth could probably do it
animal,and who else be a animal who be go be bring to the veterinary hospital,and who else is an animal who's gonna be brought to the veterinary hospital
toy,oh this be a book about toy,oh this is a book about toys
animal,I not even sure what kind of animal that be,I'm not even sure what kind of animal that is
animal,oh what kind of animal be these,oh what kind of animals are these
animal,why do we get one of your stuff animal to be and animal in the ocean when the oil spill,why don't we get one of your stuffed animals to be and animal in the ocean when the oil spills
animal,oh be there go be any other animal,oh is there gonna be any other animal
animal,oh what kind of animal do he like,oh what kind of animals does he like
food,a tree be a giant plant food store inside the seed nourish the young plant as the chestnut sapling grow up,a tree is a giant plant food stored inside the seed nourishes the young plant as the chestnut sapling grows up
animal,this one be about animal track this one be about mammoth,this one's about animal tracks this one's about mammoth
animal,do you notice those little tiny thing each one be a little animal,do you notice those little tiny things each one is a little animal
food,yes what kind of food be it make out of do you know,mhm what kind of food is it made out of do you know
animal,Daddy you want be a animal,Daddy you wanna be an animal
food,and what kind of food,and what kind of food
toy,my_goodness what kind of toy be these,my_goodness what kind of toys are these
toy,oh yeah exact them kind of toy,oh yeah exactly them kind of toys
toy,we find that there be a master of the universe toy at Penney,we found that there was a master of the universe toy at Penney's
food,okay what be what kind of food do you eat,okay what is what kinds of foods do you eat
food,okay now what be the kind of food you do eat Ross,okay now what are the kinds of foods you don't eat Ross
food,now what kind of food do you not eat,now what kinds of foods do you not eat
toy,but the interest thing be that Ross realize that there be two wave of these thing that be found why I just bare realize realize myself and he even hypothesize that there be a third wave and that these unknown toy that this boy Barry be talk about must be part of a third wave of these toy,but the interesting thing is that Ross realizes that there are two waves of these things that are found why I just barely realized realized myself and he even hypothesizes that there was a third wave and that these unknown toys that this boy Barry was talking about must be part of a third wave of these toys
animal,animal the dog be a animal,animal the dog is an animal
animal,the horse be a animal,the horse is an animal
animal,what about cat and gorilla and giraffe those be all animal,what about cats and gorillas and giraffes xxx those are all animals
toy,yeah well what kind of toy be they,yeah well what kind of toys were they
animal,Nomi have you notice there be animal on the animal picture and name on the bottom of these,Nomi have you noticed there are animals on the animal pictures and names on the bottom of these
toy,what what kind of kind of toy,what what kina kainah toys
animal,a lamb be a very tame animal,a lamb is a very tame animal
animal,because this be a train that move the animal,because this is a train that's moving the animals
animal,that the place where they have all kind of animal,that's the place where they have all kinds of animals
furniture,and I think and I think he I think he gonna have all all kind of furniture in his house,and I think and I think he I think he's gonna have all the all kind of furniture in his house
clothes,oh we be advertise clothes,oh we were advertising clothes
toy,boy it suppose to be a a toy,boy it's supposed to be a a toy
toy,this thing be a toy,this thing is a toy
furniture,and you do have the kind of furniture that will absorb a_lot_of sound,and you don't have the kind of furniture that would absorb a_lot_of sound
animal,once there be a surprise animal in our bed,once there was a surprise animal in our bed
food,Jenny like a little bird too who be almost finish her food,Jenny's like a little bird too who is almost finished her food
animal,they they might be afraid of other animal too,they they might be afraid of other animals too
animal,wing and what kind of animal have wing,wings and what kind of animals have wings
animal,yeah these be all where do all these animal live Karen,yeah these are all animals where do all these animals live Karen
toy,no this be a toy Tony I can let you,no this isn't a toy Tony I can't let you
food,most time if you know about it you most time when you know what you do you do starve to death or take the wrong kind of food,most times if you know about it you're not most times when you know what you're doing you don't starve to death or take the wrong kinds of food
animal,you know what kind of animal that be,you know what kind of animal that is
animal,remember what kind of animal use his tail as a sail when it be swim,remember what kind of animal uses his tail as a sail when it is swimming
toy,so these be all your toy,so these are all your toys
clothes,yeah there all kind of clothes in there be there,yeah there's all kinds of clothes in there aren't there
toy,you know what kind of toy it be,you know what kind of toy it is
animal,that a hard kind of animal to know,that's a hard kind of animal to know
food,maybe they have to cause there be a_lot_of other kind of food,maybe they had to cause there wasn't a_lot_of other kinds of food
food,what other kind of food be red,what other kinds of food are red
animal,this one be a animal all the animal be down there,this one is an animals all the animals are down there
food,what now if you want be a nice person what will how will you make him eat his food,what now if you wanna be a nice person what would you how would you make him eat eat his food
food,well let pretend that this be a food store and we wanna buy some thing okay,well let's pretend that this is a food store and we wanna buy some things okay
food,before you before you take everything out what kind of food be you look for,before you take before you take everything out what kind of food are you looking for
toy,his daddy use to sell this kind of toy,his daddy used to sell this kind of toy
toy,I think this be a real nice toy,I think this is a really nice toy
toy,no there be a frog in there with that box of toy,no there wasn't a frog in there with that box of toys
animal,the turtle wake up and there be baby goat and there be a big white animal that go baa,the turtle woke up and there were baby goats and there was a big white animal that went baa
animal,what color be all these animal,what colors are all these animals
toy,this be the same kind of toy,this is the same kind of toy
furniture,I see all kind of furniture over there,I see all kinds of furniture over there
animal,I see all kind of animal out there,I see all kinds of animals out there
food,oh I think he be able to get his food,oh I think he'll be able to get his food
animal,I do think it a squirrel but I do know what kind of animal it be,I don't think it's a squirrel but I don't know what kind of animal it is
toy,oh what kind of toy,oh what kind of toys
animal,oh these be all animal from the aquarium,oh these are all animals from the aquarium
toy,that the name of the kind of toy that you play with,that's the name of the kind of toy that you're playing with
clothes,okay what kind of clothes shall we wash,okay what kind of clothes shall we wash
animal,huh there be all these animal around we could sing sing Old_Mcdonald with the pig,huh there are all these animals around we could probably we could sing sing Old_Mcdonald with the piggie
food,I pretty hungry what kind of food be you gonna get,I'm pretty hungry what kind of food are you gonna get
food,oh what kind of food,oh what kind of food
toy,wow what kind of toy do you have there,wow what kind of toys do you have there
animal,they buzz what kind of animal,they're buzzing what kind of animals
animal,hey what kind of animal be that Jilly,hey what kind of animal is that Jilly
animal,I can hear some kind of animal,I can hear some kind of animal
animal,well what kind of animal do you see at the zoo,well what kind of animals did you see at the zoo
toy,toy there what kind of toy do they have go on there,toys there what kind of toys do they have going on there
animal,what your favorite kind of animal to see when you be at the zoo,what's your favorite kind of animals to see when you are at the zoo
animal,because let see there be a what kind of animal be in there,because let's see there was a what kind of animals were in there
food,wow I wonder what kind of food they should have in there,wow I wonder what kind of food they should have in there
animal,what other kind of animal do they have at the zoo,what other kinds of animals do they have at the zoo
furniture,that will be a fun house to go inside will it to have all the furniture everywhere,that would be a funny house to go inside wouldn't it to have all the furniture everywhere
toy,but it be a cool toy remember what kind of toy it be,but it was a cool toy remember what kind of toy it was
animal,and we keep ah there be another one we keep run into too we keep have to do again and again what the one with the animal remember name the animal,and we kept ah there was another one we kept running into too we kept having to do again and again what's the one with the animals remember naming the animals
toy,who know that be a toy just like that where you could pretend to shoot it out,who knew that was a toy just like that where you could pretend to shoot it out
toy,I do not know that be a toy like that,I did not know that was a toy like that
food,you can you can tell me what kind of food this be okay,you can you can tell me what kind of food this is okay
animal,Eeyore a boy what kind of animal,Eeyore's a boy what kind of animal
animal,a real bone what kind of animal give you that bone,a real bone what kind of animal gave you that bone
animal,wow what kind of animal be these,wow what kind of animals are these
animal,a predator be a animal that eat other animal,a predator is a animal that eats other animals
animal,hey what this kind of animal,hey what's this kind of animal
food,too bad there sure be a lot of food we have late you do like but that part of grow up,why don't you er too bad there sure are a lot of foods we had lately you don't like but that's part of growing up
animal,pretend her bread be always animal,pretending her bread is always animals
food,they dig a big hole and they put honey in the bottom or some kind of food that the elephant like and they think honey and so then they meet at the pine tree,they dig a big hole and they put honey in the bottom or so some kind of some kind of food that the elephant likes and they think honey and so then they meet at the pine trees
animal,it a special kind of animal call a deer,it's a special kind of animal called a deer
clothes,but your doll come with clothes and there be anymore clothes,but your doll came with clothes and there isn't anymore clothes
toy,the bicycle pump be a toy,the bicycle pump isn't a toy
toy,right now he be interest in the shake kind of toy,right now he was interested in the shaking kinds of toys
toy,if it be a toy it will be in your mouth right away,if it wasn't a toy it would be in your mouth right away
toy,it a rock horse oh_my_goodness what kind of toy be that,yyy it's a rocking horse oh_my_goodness what kind of toy is that
toy,okay you gonna put it where there be any toy,okay you gonna put it where there aren't any toys
toy,there all kind of toy in there that you have look at yet,there's all kinds of toys in there that you haven't looked at yet
toy,oh this be a very complicate toy,oh this is a very complicated toy
animal,but what kind of animal be that,but what kind of animal is that
animal,a seven but what kind of animal,a seven but what kind of animal
animal,five but what kind of animal,five but what kind of animal
animal,a three but what kind of animal,a three but what kind of animal
animal,what what kind of animal bark,what what kind of animals barks
animal,okay here be this big dog and he be ask the man who take the animal in the zoo,okay here is this big dog and he is asking the man who takes the animal in the zoo
clothes,do he show us the kind of clothes that they wear,did he show us the kind of clothes that they wear
food,you what kind of food,ya what kind of food
toy,what other kind of toy do you like to play with,what other kind of toys do you like to play with
toy,what other kind of toy will you like to play with today,what other kind of toys would you like to play with today
animal,maybe there be a little animal in there,maybe there was a little animal in there
toy,do think there be a toy in it I hope you will be disappoint,don't think there is a toy in it I hope you won't be disappointed
animal,I think some place be another hide animal,I think some place is another hidden animal
animal,okay what kind of animal smell,okay what kind of animal smells
animal,one day there be all these of animal out on the farm,one day there were all these of animals out on the farm
animal,one day there be all of these animal out on the farm when along come a big brown monkey who jump in to the middle of the farm and say,one day there were all of these animals out on the farm when along came a big brown monkey who jumped in to the middle of the farm and said
animal,okay once upon a time there be all kind of animal on a big huge farm even a sheep that walk,okay once upon a time there were all kind of animals on a big huge farm even a sheep that walks
animal,once there be a farm with all kind of animal on it when along come a big brown monkey who jump right in to the middle of the farm and say,once there was a farm with all kinds of animals on it when along came a big brown monkey who jumped right in to the middle of the farm and said
animal,once upon a time there be a big farm with all kind of animal on it even a silly brown dog,once upon a time there was a big farm with all kinds of animals on it even a silly brown dog
animal,once upon a time there be a real big farm that have all these animal on it,once upon a time there was a really big farm that had all these animals on it
animal,Dawn once upon a time there be a big farm with all kind of animal on it,Dawn once upon a time there was a big farm with all kinds of animals on it
animal,one day there be a big farm with all kind of animal on it,one day there was a big farm with all kinds of animals on it
animal,with all kind of animal on it,with all kind of animals on it
animal,once upon a time there be a big farm with all kind of animal on it,once upon a time there was a big farm with all kind of animals on it
animal,once upon a time there be a big farm with all kind of animal Cal,once upon a time there was a big farm with all kinds of animals Cal
animal,one day there be a farm with all kind of animal on it,one day there was a farm with all kind of animals on it
animal,once upon a time there be a big farm with all kind of animal on it,once upon a time there was a big farm with all kinds of animals on it
animal,so what kind of animal do you see,so what kind of animals do you see
animal,once upon a time there be a big farm with lot and lot and lot of animal on it,once upon a time there was a big farm with lots and lots and lots of animals on it
animal,once upon a time there be a big farm with all kind of animal on it even a silly brown dog,once upon a time there was a big farm with all kind of animals on it even a silly brown dog
animal,once upon a time there be a big farm with all kind of animal,once upon a time there was a big farm with all kind of animals
animal,hey Dav there be all kind of animal on the farm and you know what happen,hey Dav there were all kind of animals on the farm and you know what happened
animal,once upon a time there be a big farm with all kind of animal on it even a fun brown dog,once upon a time there was a big farm with all kinds of animals on it even a funny brown dog
toy,since you be able to touch most of these toy will you like to play with some new and different toy now,since you were able to touch most of these toys would you like to play with some new and different toys now
animal,with all kind of animal,with all kind of animals
animal,once upon a time there be a big farm with all kind of animal in it,once upon a time there was a big farm with all kind of animals in it
animal,once upon a time there be a big farm that have all kind of animal even a big brown dog,once upon a time there was a big farm that had all kind of animals even a big brown dog
animal,once there be a big farm with all kind of animal on it,once there was a big farm with all kinds of animals on it
animal,Hin once upon a time there be all these animal on the farm and they be outside play,Hin once upon a time there were all these animals on the farm and they were outside playing
animal,once upon a time there be a big farm with all kind of animal on it even a fun brown dog,once upon a time there was a big farm with all kinds of animals on it even a funny brown dog
food,mash potato what other kind of food do he like,mashed potatoes what other kind of food does he like
animal,once upon a time there be a big farm with these animal,once upon a time there was a big farm with these animals
animal,once upon a time there be a wonder farm that all kind of animal on it,once upon a time there was a wonderful farm that all kind of animals on it
animal,once upon a time there be a farm with kind of animal even a brown and white cow,once upon a time there was a farm with kind of animals even a brown and white cow
animal,once upon a time there be a big farm with all kind of animal,once upon a time there was a big farm with all kind of animals
animal,once upon a time there be a big farm with all kind of animal even a fun brown dog,once upon a time there was a big farm with all kind of animals even a funny brown dog
toy,I think that I want see if there be any new toy that maybe they can play with,I think that I wanna see if there is any new toys that maybe they can play with
animal,yes what kind of animal do you think that be,yes what do you think what kind of animal do you think that is
clothes,and that be a clothes basket,and that is a clothes basket
clothes,yes mom be always hang clothes out,yes mom is always hanging clothes out
food,and this be all the food he could eat,and this is all the food he could eat
clothes,and there be a clothes basket,and there is a clothes basket
clothes,oh this be a clothes line,oh this is a clothes line
animal,up at Aunt Laura house where be all the animal,up at Aunt Laura's house where are all the animals
animal,yes but what kind of animal,yes but what kind of animal
clothes,yes but what kind of clothes,yes but what kind of clothes
furniture,it have all kind of furniture in it,it has all kind of furniture in it
toy,these be all different kind of toy to play with,these are all different kinds of toys to play with
animal,okay what be all these animal,okay what are what are all these animals
toy,oh this be a good toy not to bring home,oh this is a good toy not to bring home
toy,boy this be a nice hammer toy be it,boy this is a nice hammer toy isn't it
food,what other kind of food do you have mister,what other kind of food do you have mister
food,oh thank you be there any other kind of food,oh thank you is there any other kind of food
food,what other kind of food do you have at your restaurant,what other kind of food do you have at your restaurant
animal,do you remember what kind of animal do we see at Grant Farm,do you remember what kind of animals did we see at Grant's Farm
toy,oh these be all new toy,oh these are all new toys
toy,oh wow this be a great toy,oh wow this is a great toy
furniture,well he be a big guy for furniture in general,well he is a big guy for furniture in general
toy,they get all kind of toy,they got all kinds of toys
toy,there once be a boy with a little toy drum ratta tatta tatta tat rumma tum,there once was a boy with a little toy drum ratta tatta tatta tat rumma tum
animal,I mean what kind of animal hop,I mean what kind of animal hops
clothes,I do think there be any clothes,I don't think there are any clothes
toy,now here be all the toy,now here are all the toys
animal,well these be actual animal cookie,well these aren't actually animal cookies
toy,well this could be a toy,well this could be a toy
toy,do you think this be a toy,do you think this is a toy
animal,and we go see all kind of animal,and we're gonna see all kinds of animals
animal,alright what other kind of animal do we have,alright what other kind of animals do we have
animal,what other kind of animal,what other kind of animals
animal,let look in this barn I want see what kind of animal be in there,let's look in this barn I wanna see what kind of animals are in there
food,do you know what kind of food that be,what kind of food is do you know what kind of food that is
toy,I think that might be a good toy for us to play with,I think that might be a better toy for us to play with
animal,or else look there all kind of animal there we can play with,or else look there's all kind of animals there we can play with
animal,oh what kind of animal,oh what kind of animal
animal,I think that book they be all the animal be awake during the day,I think that book they were all all the animals were awake during the day
animal,well what kind of animal do we have,well what kind of animals do we have
animal,no what kind of animal be that,no what what what kind of animal is that
animal,and what kind of animal be in there,and what kind of animals are in there
animal,a corral be a area outside the barn where the animal can get fresh air and be outside instead of in the stable here,a corral is like an area outside the barn where um the animals can get fresh air and be outside instead of in um in the stable here
toy,let see what kind of toy we have for us today,let's see what kind of toys we have for us today
toy,can you tell me what kind of toy you get for christmas,can you tell me what kind of toys you got for christmas
toy,tell me about other kind of toy you like to play with,what other kinds tell me about other kinds of toys you like to play with
toy,like what kind of toy,like what kind of toys
toy,wow so what other kind of toy do you like,wow so what other kind of toys do you like
toy,you have doll what other kind of toy do you play with,you have dollys what other kind of toys do you play with
toy,oh I do know about that kind of toy,oh I don't know about that kind of toy
toy,well what other kind of toy do you have in your room,well what other kind of toys do you have in your room
animal,oh all kind of animal alright,oh all kinds of animals alright
toy,so you like to play with your and with your dump truck and what other kind of toy do you have,so you like to play with your firemen and with your dump truck and what other kind of toys do you have
toy,the what kind of toy,the what kind of toys
toy,so you have a toy bat what other kind of toy do you have,so you have a toy bat what other kinds of toys do you have
toy,maybe let think about what kind of toy you have,what kind of maybe let's think about what kind of toys you have
toy,do you have a favorite kind of toy you like to play with,do you have a favorite kind of toy you like to play with
toy,like what kind of toy do you have,like what kind of toys do you have
toy,what other kind of toy do you have,what else what other kinds of toys do you have
toy,you do know what kind of toy he take,you don't know what kind of toys he takes
toy,what other kind of toy do you like to play with,what other kinds of toys do you like to play with
toy,tell me what kind of toy you have,tell me what kind of toys you have
toy,well what kind of toy do you have at your house,well what kinds of toys do you have at your house
animal,that will be a wild animal to have run around,that would be a wild animal to have running around
toy,toy what kind of toy,toys what kind of toys
toy,what be your favorite kind of toy to look at at Toys_R_Us,what are your favorite kinds of toys to look at at Toys_R_Us
toy,well what kind of toy,well what kind of toys
animal,well what kind of animal can you pet,well what kind of animals can you pet
toy,well what other kind of toy do you have,well what other kind of toys do you have
toy,what other kind of toy do you have,what other kind of toys do you have
toy,what other kind of toy do he have,what other kinds of toys does he have
vehicle,oh what kind of vehicle,oh what kind of vehicle
toy,oh what kind of toy do you have at your house,oh what kind of toys do you have at your house
toy,so what other kind of toy do you have in your,so what other kind of toys do you have in your toy+room
animal,now what kind of animal do you see at the zoo,now what kind of animals did you see at the zoo
animal,because those kind of animal live in salt water right,because those kinds of animals live in salt water right
toy,here mommy see all kind of toy,here mommy sees all kinds of toys
animal,I wonder what kind of animal that be there,I wonder what kind of animal that is there
food,do you know where the pot and pan be and the food,do you know where the pots and pans are and the food
food,let see what kind of food we have in here,let's see what kind of food we have in here
toy,will you be able to talk to the baby and show the baby your toy,will you be able to talk to the baby and show the baby your toys
animal,two of each kind of animal go into Noahs_Ark,there were two animals two of each kind of animal went into Noahs_Ark
toy,and these be all toy like they have on the video of Bob_The_Builder,and these are all toys like they have on the video of Bob_The_Builder
food,in the past when you sit there you be a good boy for about two second and because you not strap in you start wander round and you get food everywhere,when in in the past when you've sat there you've been a good boy for about two seconds and because you're not strapped in you start wandering round and you get food everywhere
toy,but there be a toy truck and there be a beach ball be there,but there was a toy truck and there was a beach ball wasn't there
toy,because early on I say something be a toy,because earlier on I said something wasn't a toy
clothes,and you be able to wear your summer clothes a little bit long with any luck,and you'll be able to wear your summer clothes a little bit longer with any luck
clothes,your hand be grease because you eat some crisp and these be all clean clothes be they,your hands are greasy because you've eaten some crisps and these are all clean clothes aren't they
toy,because otherwise I will be able to bring toy to you,because otherwise I won't be able to bring toys to you
animal,I think it be ask you what sound each animal make,I thought it was asking you what sound each animal made
animal,and they be ask for donation so it could help the poor animal,and they were asking for donations so it could help the poorly animals
toy,if you break it anymore I will be able to bring it again because all the toy be go to fall through,if you break it anymore I won't be able to bring it again because all the toys are going to fall through
animal,he need to be a big strong man to look after all those animal do he,he needs to be a big strong man to look after all those animals doesn't he
animal,though it go to be very crowd because there be a lot of animal,though it's going to be very crowded because there are a lot of animals
clothes,those man be all wear bright color clothes be they,those men are all wearing bright colored clothes aren't they
animal,this one look like it might be a animal one,this one looks like it might be an animal one
toy,but you got_to be gentle because it be actual a toy,but you've got_to be gentle because it isn't actually a toy
food,you can have a drink but there will be any food or any biscuit or any chocolate,you can have a drink but there won't be any food or any biscuits or any chocolate
toy,no you say it be a bag full of toy,no you said it was a bag full of toys
clothes,I think it be a lady in the garden hang out the clothes,I think it was a lady in the garden hanging out the clothes
toy,you want to be a with your toy money and my jeweler box,you want to be a shopkeeper with your toy money and my jewelery box
toy,unless it be a toy aeroplane and it be break,unless it was a toy aeroplane and it was broken
food,I think she be about to go and eat her food but she just turn round,I thought she was about to go and eat her food but she just turned round
toy,and I be point out bird nest in the tree and you be say it be a bag of toy,and I was pointing out bird's nests in the trees and you were saying it was a bag of toys
toy,especial like the one you say be a bag of toy round the corner,especially like the one you say is a bag of toys round the corner
toy,because you eat the egg and inside be a yellow egg and you open it and there a toy inside,because you eat the egg and inside is a yellow egg and you open it and there's a toy inside
furniture,it could be a furniture removal van,it could be a furniture removal van
toy,the spade be a toy,the spade is a toy
animal,be it suppose to be a animal in the sea,is it supposed to be an animal in the sea
toy,I mean I know there be a lot of child have more toy than you Thomas,I mean I know there are a lot of children have more toys than you Thomas
animal,I go to pretend to be a animal from the zoo,I'm gonna pretend to be an animal from the zoo
toy,and your bead aster be a toy that I never real want to part with because I like play with that and Daddy like play with that,and your bead coaster is a toy that I never really want to part with because I like playing with that and Daddy likes playing with that
food,will this be a full tin of cat food or a empty tin,would this be a full tin of cat food or an empty tin
animal,let see if there be any animal,let's see if there are any animals
animal,so this could be a zoo can you find any animal in here to go to live in a zoo,so this could be a zoo can you find any animals in here to go to live in a zoo
furniture,that these the bed the chair be all furniture be they,that's these the beds the chairs are all furniture aren't they
toy,why because we be allow to play with all the toy,why because we're being allowed to play with all the toys
clothes,you know there be any clothes,you know there isn't any clothes
animal,I think they be all go to get out to go and have a look at the animal in the zoo,I thought they were all gonna get out to go and have a look at the animals in the zoo
animal,let see if there be any more animal to put on the back,let's see if there are any more animals to put on the back
animal,well that one do because that one be a lego animal,well that one doesn't because that one isn't a lego animal
toy,well there be any toy in the car be there,well there aren't any toys in the car are there
animal,there might be a animal in there,there might be an animal in there
toy,then we be able to look at the toy,then we'll be able to look at the toys
animal,I do think there be any more farm animal leave,I don't think there are any more farm animals left
clothes,and this be a sew machine to make some clothes,and this is a sewing machine to make some clothes
food,how much be all this food,how much was all this food
animal,yes but where be all the rest of the animal now,yes but where are all the rest of the animals now
animal,one animal that you get out be a farm animal,one animal that you've got out isn't a farm animal
food,there will be any money leave for mum and daddy to buy their food with will there the way you carry on,there willn't be any money left for mummie and daddy to buy their food with will there the way you carry on
food,she go to the fridge so it be obvious some kind of food,she went to the fridge so it was obviously some kind of food
animal,I do think there be any other animal for the zoo,I don't think there are any other animals for the zoo
clothes,none of them be allow to have any clothes on,none of them are allowed to have any clothes on
food,when you be a tiny tiny little baby do you know that the pear be your favorite food,when you were a tiny tiny little baby do you know that the pear was your favorite food
animal,I do think there be any more animal,I don't think there are any more animals
animal,right now be anybody go to come and see all these animal,right now is anybody gonna come and see all these animals
clothes,can you see how their Mummys be wear different kind of clothes,can you see how their Mummys are wearing different kinds of clothes
animal,I do think there be any other animal in here,I don't think there are any other animals in here
vehicle,a different kind of vehicle,a different kind of vehicle
animal,if the car in the field where be all the animal go to go,if the car's in the field where are all the animals going to go
vehicle,perhaps tomorrow you might be able to choose another vehicle like that,perhaps tomorrow you might be able to choose another vehicle like that
animal,and where be all the animal sleep,and where are all the animals sleeping
toy,oh these be all baby toy be they,oh these are all these are all baby's toys aren't they
toy,you have to be a good girl and share her toy with her okay,you have to be a good girl and share her toys with her okay
animal,section two be about the sea and all kind of animal,section two is about the sea and all kinds of animals
food,I think celery be a piece of food,I thought celery was a piece of food
animal,because there be a animal that begin with x so what they do be they get a animal that end in x,because there isn't an animal that begins with x so what they've done is they've got an animal that ends in x
toy,you go to lose those and you will be able to play with that toy Fraser,you're gonna lose those and you won't be able to play with that toy Fraser
animal,because ever since he be a baby he be live with all these animal,because ever since he was a baby he's been living with all these animals
toy,that Owl there be a toy,that Owl there is a toy
animal,that right because there be a animal that begin with x be there,that's right because there isn't an animal that begins with x is there
animal,it can be a animal train,it can be an animal train
toy,before there be any toy,before there were any toys
animal,I look to see if there be any more animal,I'm looking to see if there are any more animals
animal,I think what wrong be all the animal,I think what's wrong is all the animals
toy,you never be allow to go again with all these toy,you'll never be allowed to go again with all these toys
toy,those toy be a bit like your toy up in your everywhere,those toys are a bit like your toys up in your bedroom everywhere
vehicle,well that be a delivery vehicle,well that is a delivery vehicle
furniture,and then that be all the kid their furniture you_know,and then that'll be all the kids their furniture you_know
animal,do you know what kind of animal that be,do you know what kind of animal that is
animal,do you know what kind of animal that be,do you know what kind of animal that is
