toy,yes Nana have all kind of toy for you yes,mhm Nana has all kinds of toys for you yes
food,ah what kind of food,ah what kind of food
toy,oh what kind of toy be it,oh what kind of toy was it
food,he what kind of food,he ate uh what kind of food
animal,well he do have_to have anybody take care of him because he be a animal and we be go that long,well he didn't have_to have anybody taking care of him because he was an animal and we weren't gone that long
food,like it a kind of food or something,like it's a kind of food or something
food,orange food be almost as good as green food to eat,orange food is almost as good as green food to eat
animal,now a shark be a big animal a big fish I should say and that a shark will eat other fish,now a shark is a bigger animal a bigger fish I should say and that eats a shark will eat other fish
toy,when Marcella poke around in the trunk her hand touch something soft she smile when she see what it be a stuff toy,when Marcella poked around in the trunk her hand touched something soft she smiled when she saw what it was a stuffed toy
toy,well I think this be a great toy,well I think this is a great toy
toy,we find that there be a master of the universe toy at Penney,we found that there was a master of the universe toy at Penney's
food,okay what be what kind of food do you eat,okay what is what kinds of foods do you eat
food,okay now what be the kind of food you do eat Ross,okay now what are the kinds of foods you don't eat Ross
food,now what kind of food do you not eat,now what kinds of foods do you not eat
toy,what what kind of kind of toy,what what kina kainah toys
animal,a lamb be a very tame animal,a lamb is a very tame animal
animal,because this be a train that move the animal,because this is a train that's moving the animals
animal,that the place where they have all kind of animal,that's the place where they have all kinds of animals
furniture,and I think and I think he I think he gonna have all all kind of furniture in his house,and I think and I think he I think he's gonna have all the all kind of furniture in his house
clothes,oh we be advertise clothes,oh we were advertising clothes
toy,boy it suppose to be a a toy,boy it's supposed to be a a toy
toy,this thing be a toy,this thing is a toy
furniture,and you do have the kind of furniture that will absorb a_lot_of sound,and you don't have the kind of furniture that would absorb a_lot_of sound
animal,once there be a surprise animal in our bed,once there was a surprise animal in our bed
food,Jenny like a little bird too who be almost finish her food,Jenny's like a little bird too who is almost finished her food
animal,they they might be afraid of other animal too,they they might be afraid of other animals too
animal,wing and what kind of animal have wing,wings and what kind of animals have wings
animal,yeah these be all where do all these animal live Karen,yeah these are all animals where do all these animals live Karen
toy,no this be a toy Tony I can let you,no this isn't a toy Tony I can't let you
food,most time if you know about it you most time when you know what you do you do starve to death or take the wrong kind of food,most times if you know about it you're not most times when you know what you're doing you don't starve to death or take the wrong kinds of food
animal,you know what kind of animal that be,you know what kind of animal that is
food,what now if you want be a nice person what will how will you make him eat his food,what now if you wanna be a nice person what would you how would you make him eat eat his food
toy,I think this be a real nice toy,I think this is a really nice toy
toy,but it be a cool toy remember what kind of toy it be,but it was a cool toy remember what kind of toy it was
animal,and we keep ah there be another one we keep run into too we keep have to do again and again what the one with the animal remember name the animal,and we kept ah there was another one we kept running into too we kept having to do again and again what's the one with the animals remember naming the animals
toy,who know that be a toy just like that where you could pretend to shoot it out,who knew that was a toy just like that where you could pretend to shoot it out
toy,I do not know that be a toy like that,I did not know that was a toy like that
animal,a real bone what kind of animal give you that bone,a real bone what kind of animal gave you that bone
animal,a predator be a animal that eat other animal,a predator is a animal that eats other animals
animal,but what kind of animal be that,but what kind of animal is that
animal,a seven but what kind of animal,a seven but what kind of animal
animal,five but what kind of animal,five but what kind of animal
animal,a three but what kind of animal,a three but what kind of animal
animal,maybe there be a little animal in there,maybe there was a little animal in there
animal,one day there be all these of animal out on the farm,one day there were all these of animals out on the farm
animal,one day there be all of these animal out on the farm when along come a big brown monkey who jump in to the middle of the farm and say,one day there were all of these animals out on the farm when along came a big brown monkey who jumped in to the middle of the farm and said
animal,okay once upon a time there be all kind of animal on a big huge farm even a sheep that walk,okay once upon a time there were all kind of animals on a big huge farm even a sheep that walks
animal,once there be a farm with all kind of animal on it when along come a big brown monkey who jump right in to the middle of the farm and say,once there was a farm with all kinds of animals on it when along came a big brown monkey who jumped right in to the middle of the farm and said
animal,once upon a time there be a real big farm that have all these animal on it,once upon a time there was a really big farm that had all these animals on it
animal,with all kind of animal on it,with all kind of animals on it
animal,once upon a time there be a big farm with all kind of animal Cal,once upon a time there was a big farm with all kinds of animals Cal
animal,one day there be a farm with all kind of animal on it,one day there was a farm with all kind of animals on it
animal,once upon a time there be a big farm with all kind of animal on it,once upon a time there was a big farm with all kinds of animals on it
animal,so what kind of animal do you see,so what kind of animals do you see
animal,once upon a time there be a big farm with lot and lot and lot of animal on it,once upon a time there was a big farm with lots and lots and lots of animals on it
animal,once upon a time there be a big farm with all kind of animal on it even a silly brown dog,once upon a time there was a big farm with all kind of animals on it even a silly brown dog
animal,once upon a time there be a big farm with all kind of animal,once upon a time there was a big farm with all kind of animals
animal,once upon a time there be a big farm with all kind of animal on it even a fun brown dog,once upon a time there was a big farm with all kinds of animals on it even a funny brown dog
toy,since you be able to touch most of these toy will you like to play with some new and different toy now,since you were able to touch most of these toys would you like to play with some new and different toys now
animal,once upon a time there be a big farm with all kind of animal in it,once upon a time there was a big farm with all kind of animals in it
animal,once upon a time there be a big farm that have all kind of animal even a big brown dog,once upon a time there was a big farm that had all kind of animals even a big brown dog
animal,Hin once upon a time there be all these animal on the farm and they be outside play,Hin once upon a time there were all these animals on the farm and they were outside playing
animal,once upon a time there be a big farm with all kind of animal on it even a fun brown dog,once upon a time there was a big farm with all kinds of animals on it even a funny brown dog
animal,once upon a time there be a big farm with these animal,once upon a time there was a big farm with these animals
animal,once upon a time there be a wonder farm that all kind of animal on it,once upon a time there was a wonderful farm that all kind of animals on it
animal,once upon a time there be a big farm with all kind of animal even a fun brown dog,once upon a time there was a big farm with all kind of animals even a funny brown dog
clothes,oh this be a clothes line,oh this is a clothes line
toy,these be all different kind of toy to play with,these are all different kinds of toys to play with
toy,oh wow this be a great toy,oh wow this is a great toy
furniture,well he be a big guy for furniture in general,well he is a big guy for furniture in general
toy,they get all kind of toy,they got all kinds of toys
toy,let see what kind of toy we have for us today,let's see what kind of toys we have for us today
toy,can you tell me what kind of toy you get for christmas,can you tell me what kind of toys you got for christmas
toy,tell me about other kind of toy you like to play with,what other kinds tell me about other kinds of toys you like to play with
toy,like what kind of toy,like what kind of toys
toy,wow so what other kind of toy do you like,wow so what other kind of toys do you like
toy,you have doll what other kind of toy do you play with,you have dollys what other kind of toys do you play with
toy,oh I do know about that kind of toy,oh I don't know about that kind of toy
toy,well what other kind of toy do you have in your room,well what other kind of toys do you have in your room
animal,oh all kind of animal alright,oh all kinds of animals alright
toy,so you like to play with your and with your dump truck and what other kind of toy do you have,so you like to play with your firemen and with your dump truck and what other kind of toys do you have
toy,the what kind of toy,the what kind of toys
toy,so you have a toy bat what other kind of toy do you have,so you have a toy bat what other kinds of toys do you have
toy,maybe let think about what kind of toy you have,what kind of maybe let's think about what kind of toys you have
toy,do you have a favorite kind of toy you like to play with,do you have a favorite kind of toy you like to play with
toy,like what kind of toy do you have,like what kind of toys do you have
toy,what other kind of toy do you have,what else what other kinds of toys do you have
toy,you do know what kind of toy he take,you don't know what kind of toys he takes
toy,what other kind of toy do you like to play with,what other kinds of toys do you like to play with
toy,tell me what kind of toy you have,tell me what kind of toys you have
toy,well what kind of toy do you have at your house,well what kinds of toys do you have at your house
animal,that will be a wild animal to have run around,that would be a wild animal to have running around
toy,toy what kind of toy,toys what kind of toys
toy,the spade be a toy,the spade is a toy
animal,be it suppose to be a animal in the sea,is it supposed to be an animal in the sea
toy,I mean I know there be a lot of child have more toy than you Thomas,I mean I know there are a lot of children have more toys than you Thomas
animal,I go to pretend to be a animal from the zoo,I'm gonna pretend to be an animal from the zoo
toy,and your bead aster be a toy that I never real want to part with because I like play with that and Daddy like play with that,and your bead coaster is a toy that I never really want to part with because I like playing with that and Daddy likes playing with that
food,will this be a full tin of cat food or a empty tin,would this be a full tin of cat food or an empty tin
